{
  "metric_priority": "roc_auc",
  "seeds": [
    42,
    2024,
    3407
  ],
  "cv_folds": 3,
  "component_oof_auc": {
    "word_clean": 0.9687265344000001,
    "word_soft": 0.9684697919999999,
    "nb_word": 0.9692490399999999,
    "nb_char": 0.9577592288
  },
  "best_weights": {
    "word_clean": 0.41,
    "word_soft": 0.0,
    "nb_word": 0.39,
    "nb_char": 0.2
  },
  "blend_oof_auc": 0.9731768448,
  "fold_auc_summary": {
    "word_clean_seed42": [
      0.9651768679240004,
      0.9683121653676252,
      0.9684107268538057
    ],
    "word_soft_seed42": [
      0.9651932237069702,
      0.9684638959080105,
      0.9684037566961037
    ],
    "nb_word_seed42": [
      0.9650315663731783,
      0.9678127910112846,
      0.9683013933057224
    ],
    "nb_char_seed42": [
      0.953685490617914,
      0.9511589528910659,
      0.9547136757143921
    ],
    "word_clean_seed2024": [
      0.9675979845298481,
      0.9679194747473491,
      0.9655141366895161
    ],
    "word_soft_seed2024": [
      0.9673205121272085,
      0.9678508100532945,
      0.9655070513225958
    ],
    "nb_word_seed2024": [
      0.9652401601968317,
      0.9681016781259516,
      0.9648626285605263
    ],
    "nb_char_seed2024": [
      0.9528830206182497,
      0.9540857278705268,
      0.9503660254467209
    ],
    "word_clean_seed3407": [
      0.965872967743574,
      0.9657177689827061,
      0.9692448415936614
    ],
    "word_soft_seed3407": [
      0.965874637876342,
      0.9655436302493785,
      0.9689803212286465
    ],
    "nb_word_seed3407": [
      0.9649805985283597,
      0.965560738818283,
      0.9674938918952734
    ],
    "nb_char_seed3407": [
      0.9516880694180895,
      0.9497745413204197,
      0.9535646365765534
    ]
  },
  "submission_path": "E:\\machining learning\\competition\\kaggle1\\formal\\submissions\\submission_multiseed_cv_rank_blend_auc.csv"
}